{
  "type": "recipe",
    "crafter": "cookassistant_crafting",
    "inputs": [
      {
        "item": "farmersdelight:tomato_sauce"
      },
      {
        "item": "minecraft:bowl"
      },
      {
        "item": "farmersdelight:raw_pasta"
      },
      {
        "item": "farmersdelight:minced_beef"
      }
    ],
    "result": "farmersdelight:pasta_with_meatballs",
    "additional-output":[
    {
      "item": "minecraft:bowl"
    }
   ],
    "min-building-level": 4
}