{
  "type": "recipe",
    "crafter": "cookassistant_crafting",
    "inputs": [
      {
        "item": "farmersdelight:pumpkin_slice"
      },
      {
        "item": "minecraft:bowl"
      },
      {
        "item": "farmersdelight:cabbage_leaf"
      },
      {
        "item": "farmersdelight:bacon"
      },
      {
        "item": "farmersdelight:milk_bottle"
      }
    ],
    "result": "farmersdelight:pumpkin_soup",
    "additional-output":[
    {
      "item": "minecraft:glass_bottle"
    }
    ],
    "min-building-level": 4
}