{
  "type": "recipe",
    "crafter": "cookassistant_crafting",
    "inputs": [
      {
        "item": "farmersdelight:onion"
      },
      {
        "item": "minecraft:bowl"
      },
      {
        "item": "farmersdelight:raw_pasta"
      },
      {
        "item": "minecraft:brown_mushroom"
      },
      {
        "item": "minecraft:carrot"
      },
      {
        "farmersdelight:cabbage_leaf"
      }
    ],
    "result": "farmersdelight:vegetable_noodles",
    "min-building-level": 4
}