{
  "type": "recipe",
    "crafter": "cookassistant_crafting",
    "inputs": [
      {
        "item": "farmersdelight:rice"
      },
      {
        "item": "farmersdelight:onion",
        "count": 2
      },
      {
        "item": "minecraft:pumpkin"
      },
      {
        "item": "minecraft:potato"
      },
      {
        "item": "minecraft:brown_mushroom"
      },
      {
        "item": "minecraft:sweet_berries"
      }
    ],
    "result": "farmersdelight:stuffed_pumpkin_block",
    "min-building-level": 5
}